AA	key	time	channel	volume	duration
M;64;0;0;100;1
M;64;0;1;40;1
M;64;0;2;60;1
V;[50, 52, 55, 58];1;0;100;1
V;[50, 52, 55, 58];1;1;40;1
V;[50, 52, 55, 58];1;2;60;1
L;63;2;0;100;1
L;63;2;1;40;1
L;63;2;2;60;1
S;[48, 50, 52, 57];3;0;100;1
S;[48, 50, 52, 57];3;1;40;1
S;[48, 50, 52, 57];3;2;60;1
HELIX
P;69;4;0;40;1
P;69;4;1;100;1
P;69;4;2;60;1
A;48;5;0;40;1
A;48;5;1;100;1
A;48;5;2;60;1
D;51;6;0;40;1
D;51;6;1;100;1
D;51;6;2;60;1
K;62;7;0;40;1
K;62;7;1;100;1
K;62;7;2;60;1
T;[51, 55, 58, 62];8;0;40;1
T;[51, 55, 58, 62];8;1;100;1
T;[51, 55, 58, 62];8;2;60;1
N;67;9;0;40;1
N;67;9;1;100;1
N;67;9;2;60;1
V;[50, 52, 55, 58];10;0;40;1
V;[50, 52, 55, 58];10;1;100;1
V;[50, 52, 55, 58];10;2;60;1
K;62;11;0;40;1
K;62;11;1;100;1
K;62;11;2;60;1
A;48;12;0;40;1
A;48;12;1;100;1
A;48;12;2;60;1
A;48;13;0;40;1
A;48;13;1;100;1
A;48;13;2;60;1
W;[48, 51, 55, 57];14;0;40;1
W;[48, 51, 55, 57];14;1;100;1
W;[48, 51, 55, 57];14;2;60;1
G;57;15;0;40;1
G;57;15;1;100;1
G;57;15;2;60;1
K;62;16;0;40;1
K;62;16;1;100;1
K;62;16;2;60;1
V;[50, 52, 55, 58];17;0;40;1
V;[50, 52, 55, 58];17;1;100;1
V;[50, 52, 55, 58];17;2;60;1
HELIX
G;57;18;0;40;1
G;57;18;1;100;1
G;57;18;2;60;1
A;48;19;0;40;1
A;48;19;1;100;1
A;48;19;2;60;1
H;58;20;0;40;1
H;58;20;1;100;1
H;58;20;2;60;1
HELIX
A;48;21;0;40;1
A;48;21;1;100;1
A;48;21;2;60;1
G;57;22;0;40;1
G;57;22;1;100;1
G;57;22;2;60;1
E;52;23;0;40;1
E;52;23;1;100;1
E;52;23;2;60;1
Y;[50, 52, 57, 58];24;0;40;1
Y;[50, 52, 57, 58];24;1;100;1
Y;[50, 52, 57, 58];24;2;60;1
G;57;25;0;40;1
G;57;25;1;100;1
G;57;25;2;60;1
A;48;26;0;40;1
A;48;26;1;100;1
A;48;26;2;60;1
E;52;27;0;40;1
E;52;27;1;100;1
E;52;27;2;60;1
A;48;28;0;40;1
A;48;28;1;100;1
A;48;28;2;60;1
L;63;29;0;40;1
L;63;29;1;100;1
L;63;29;2;60;1
E;52;30;0;40;1
E;52;30;1;100;1
E;52;30;2;60;1
R;[48, 51, 55, 58];31;0;40;1
R;[48, 51, 55, 58];31;1;100;1
R;[48, 51, 55, 58];31;2;60;1
M;64;32;0;40;1
M;64;32;1;100;1
M;64;32;2;60;1
F;55;33;0;40;1
F;55;33;1;100;1
F;55;33;2;60;1
L;63;34;0;40;1
L;63;34;1;100;1
L;63;34;2;60;1
S;[48, 50, 52, 57];35;0;40;1
S;[48, 50, 52, 57];35;1;100;1
S;[48, 50, 52, 57];35;2;60;1
F;55;36;0;40;1
F;55;36;1;100;1
F;55;36;2;60;1
HELIX
P;69;37;0;40;1
P;69;37;1;100;1
P;69;37;2;60;1
T;[51, 55, 58, 62];38;0;40;1
T;[51, 55, 58, 62];38;1;100;1
T;[51, 55, 58, 62];38;2;60;1
T;[51, 55, 58, 62];39;0;40;1
T;[51, 55, 58, 62];39;1;100;1
T;[51, 55, 58, 62];39;2;60;1
K;62;40;0;40;1
K;62;40;1;100;1
K;62;40;2;60;1
T;[51, 55, 58, 62];41;0;40;1
T;[51, 55, 58, 62];41;1;100;1
T;[51, 55, 58, 62];41;2;60;1
Y;[50, 52, 57, 58];42;0;40;1
Y;[50, 52, 57, 58];42;1;100;1
Y;[50, 52, 57, 58];42;2;60;1
F;55;43;0;40;1
F;55;43;1;100;1
F;55;43;2;60;1
STRAND
P;69;44;0;60;1
P;69;44;1;40;1
P;69;44;2;100;1
H;58;45;0;60;1
H;58;45;1;40;1
H;58;45;2;100;1
F;55;46;0;60;1
F;55;46;1;40;1
F;55;46;2;100;1
D;51;47;0;60;1
D;51;47;1;40;1
D;51;47;2;100;1
L;63;48;0;60;1
L;63;48;1;40;1
L;63;48;2;100;1
STRAND
S;[48, 50, 52, 57];49;0;60;1
S;[48, 50, 52, 57];49;1;40;1
S;[48, 50, 52, 57];49;2;100;1
H;58;50;0;60;1
H;58;50;1;40;1
H;58;50;2;100;1
G;57;51;0;60;1
G;57;51;1;40;1
G;57;51;2;100;1
S;[48, 50, 52, 57];52;0;60;1
S;[48, 50, 52, 57];52;1;40;1
S;[48, 50, 52, 57];52;2;100;1
HELIX
A;48;53;0;40;1
A;48;53;1;100;1
A;48;53;2;60;1
Q;70;54;0;40;1
Q;70;54;1;100;1
Q;70;54;2;60;1
V;[50, 52, 55, 58];55;0;40;1
V;[50, 52, 55, 58];55;1;100;1
V;[50, 52, 55, 58];55;2;60;1
K;62;56;0;40;1
K;62;56;1;100;1
K;62;56;2;60;1
G;57;57;0;40;1
G;57;57;1;100;1
G;57;57;2;60;1
H;58;58;0;40;1
H;58;58;1;100;1
H;58;58;2;60;1
G;57;59;0;40;1
G;57;59;1;100;1
G;57;59;2;60;1
K;62;60;0;40;1
K;62;60;1;100;1
K;62;60;2;60;1
K;62;61;0;40;1
K;62;61;1;100;1
K;62;61;2;60;1
V;[50, 52, 55, 58];62;0;40;1
V;[50, 52, 55, 58];62;1;100;1
V;[50, 52, 55, 58];62;2;60;1
A;48;63;0;40;1
A;48;63;1;100;1
A;48;63;2;60;1
D;51;64;0;40;1
D;51;64;1;100;1
D;51;64;2;60;1
A;48;65;0;40;1
A;48;65;1;100;1
A;48;65;2;60;1
L;63;66;0;40;1
L;63;66;1;100;1
L;63;66;2;60;1
T;[51, 55, 58, 62];67;0;40;1
T;[51, 55, 58, 62];67;1;100;1
T;[51, 55, 58, 62];67;2;60;1
N;67;68;0;40;1
N;67;68;1;100;1
N;67;68;2;60;1
A;48;69;0;40;1
A;48;69;1;100;1
A;48;69;2;60;1
V;[50, 52, 55, 58];70;0;40;1
V;[50, 52, 55, 58];70;1;100;1
V;[50, 52, 55, 58];70;2;60;1
A;48;71;0;40;1
A;48;71;1;100;1
A;48;71;2;60;1
TURN
H;58;72;0;100;1
H;58;72;1;40;1
H;58;72;2;60;1
V;[50, 52, 55, 58];73;0;100;1
V;[50, 52, 55, 58];73;1;40;1
V;[50, 52, 55, 58];73;2;60;1
D;51;74;0;100;1
D;51;74;1;40;1
D;51;74;2;60;1
D;51;75;0;100;1
D;51;75;1;40;1
D;51;75;2;60;1
HELIX
M;64;76;0;40;1
M;64;76;1;100;1
M;64;76;2;60;1
P;69;77;0;40;1
P;69;77;1;100;1
P;69;77;2;60;1
N;67;78;0;40;1
N;67;78;1;100;1
N;67;78;2;60;1
A;48;79;0;40;1
A;48;79;1;100;1
A;48;79;2;60;1
L;63;80;0;40;1
L;63;80;1;100;1
L;63;80;2;60;1
HELIX
S;[48, 50, 52, 57];81;0;40;1
S;[48, 50, 52, 57];81;1;100;1
S;[48, 50, 52, 57];81;2;60;1
A;48;82;0;40;1
A;48;82;1;100;1
A;48;82;2;60;1
L;63;83;0;40;1
L;63;83;1;100;1
L;63;83;2;60;1
S;[48, 50, 52, 57];84;0;40;1
S;[48, 50, 52, 57];84;1;100;1
S;[48, 50, 52, 57];84;2;60;1
D;51;85;0;40;1
D;51;85;1;100;1
D;51;85;2;60;1
L;63;86;0;40;1
L;63;86;1;100;1
L;63;86;2;60;1
H;58;87;0;40;1
H;58;87;1;100;1
H;58;87;2;60;1
A;48;88;0;40;1
A;48;88;1;100;1
A;48;88;2;60;1
H;58;89;0;40;1
H;58;89;1;100;1
H;58;89;2;60;1
TURN
K;62;90;0;100;1
K;62;90;1;40;1
K;62;90;2;60;1
L;63;91;0;100;1
L;63;91;1;40;1
L;63;91;2;60;1
R;[48, 51, 55, 58];92;0;100;1
R;[48, 51, 55, 58];92;1;40;1
R;[48, 51, 55, 58];92;2;60;1
V;[50, 52, 55, 58];93;0;100;1
V;[50, 52, 55, 58];93;1;40;1
V;[50, 52, 55, 58];93;2;60;1
D;51;94;0;100;1
D;51;94;1;40;1
D;51;94;2;60;1
P;69;95;0;100;1
P;69;95;1;40;1
P;69;95;2;60;1
HELIX
V;[50, 52, 55, 58];96;0;40;1
V;[50, 52, 55, 58];96;1;100;1
V;[50, 52, 55, 58];96;2;60;1
N;67;97;0;40;1
N;67;97;1;100;1
N;67;97;2;60;1
F;55;98;0;40;1
F;55;98;1;100;1
F;55;98;2;60;1
K;62;99;0;40;1
K;62;99;1;100;1
K;62;99;2;60;1
L;63;100;0;40;1
L;63;100;1;100;1
L;63;100;2;60;1
L;63;101;0;40;1
L;63;101;1;100;1
L;63;101;2;60;1
S;[48, 50, 52, 57];102;0;40;1
S;[48, 50, 52, 57];102;1;100;1
S;[48, 50, 52, 57];102;2;60;1
H;58;103;0;40;1
H;58;103;1;100;1
H;58;103;2;60;1
C;50;104;0;40;1
C;50;104;1;100;1
C;50;104;2;60;1
L;63;105;0;40;1
L;63;105;1;100;1
L;63;105;2;60;1
L;63;106;0;40;1
L;63;106;1;100;1
L;63;106;2;60;1
V;[50, 52, 55, 58];107;0;40;1
V;[50, 52, 55, 58];107;1;100;1
V;[50, 52, 55, 58];107;2;60;1
T;[51, 55, 58, 62];108;0;40;1
T;[51, 55, 58, 62];108;1;100;1
T;[51, 55, 58, 62];108;2;60;1
L;63;109;0;40;1
L;63;109;1;100;1
L;63;109;2;60;1
A;48;110;0;40;1
A;48;110;1;100;1
A;48;110;2;60;1
A;48;111;0;40;1
A;48;111;1;100;1
A;48;111;2;60;1
H;58;112;0;40;1
H;58;112;1;100;1
H;58;112;2;60;1
L;63;113;0;40;1
L;63;113;1;100;1
L;63;113;2;60;1
TURN
P;69;114;0;100;1
P;69;114;1;40;1
P;69;114;2;60;1
A;48;115;0;100;1
A;48;115;1;40;1
A;48;115;2;60;1
E;52;116;0;100;1
E;52;116;1;40;1
E;52;116;2;60;1
F;55;117;0;100;1
F;55;117;1;40;1
F;55;117;2;60;1
T;[51, 55, 58, 62];118;0;100;1
T;[51, 55, 58, 62];118;1;40;1
T;[51, 55, 58, 62];118;2;60;1
HELIX
P;69;119;0;40;1
P;69;119;1;100;1
P;69;119;2;60;1
A;48;120;0;40;1
A;48;120;1;100;1
A;48;120;2;60;1
V;[50, 52, 55, 58];121;0;40;1
V;[50, 52, 55, 58];121;1;100;1
V;[50, 52, 55, 58];121;2;60;1
H;58;122;0;40;1
H;58;122;1;100;1
H;58;122;2;60;1
A;48;123;0;40;1
A;48;123;1;100;1
A;48;123;2;60;1
S;[48, 50, 52, 57];124;0;40;1
S;[48, 50, 52, 57];124;1;100;1
S;[48, 50, 52, 57];124;2;60;1
L;63;125;0;40;1
L;63;125;1;100;1
L;63;125;2;60;1
D;51;126;0;40;1
D;51;126;1;100;1
D;51;126;2;60;1
K;62;127;0;40;1
K;62;127;1;100;1
K;62;127;2;60;1
F;55;128;0;40;1
F;55;128;1;100;1
F;55;128;2;60;1
L;63;129;0;40;1
L;63;129;1;100;1
L;63;129;2;60;1
A;48;130;0;40;1
A;48;130;1;100;1
A;48;130;2;60;1
S;[48, 50, 52, 57];131;0;40;1
S;[48, 50, 52, 57];131;1;100;1
S;[48, 50, 52, 57];131;2;60;1
V;[50, 52, 55, 58];132;0;40;1
V;[50, 52, 55, 58];132;1;100;1
V;[50, 52, 55, 58];132;2;60;1
S;[48, 50, 52, 57];133;0;40;1
S;[48, 50, 52, 57];133;1;100;1
S;[48, 50, 52, 57];133;2;60;1
T;[51, 55, 58, 62];134;0;40;1
T;[51, 55, 58, 62];134;1;100;1
T;[51, 55, 58, 62];134;2;60;1
V;[50, 52, 55, 58];135;0;40;1
V;[50, 52, 55, 58];135;1;100;1
V;[50, 52, 55, 58];135;2;60;1
L;63;136;0;40;1
L;63;136;1;100;1
L;63;136;2;60;1
T;[51, 55, 58, 62];137;0;40;1
T;[51, 55, 58, 62];137;1;100;1
T;[51, 55, 58, 62];137;2;60;1
HELIX
S;[48, 50, 52, 57];138;0;40;1
S;[48, 50, 52, 57];138;1;100;1
S;[48, 50, 52, 57];138;2;60;1
K;62;139;0;40;1
K;62;139;1;100;1
K;62;139;2;60;1
Y;[50, 52, 57, 58];140;0;40;1
Y;[50, 52, 57, 58];140;1;100;1
Y;[50, 52, 57, 58];140;2;60;1